Workbook

Sheet Chess Clock
A1: Type | B1: Element
A2: State | B2: initial state (off)
A3: Transition | B3: initial state (off) => off
A4: State | B4: Off
A5: Transition | B5: off => on
A6: Composite State | B6: On
A7: State | B7: initial state (on)
A8: Composite State | B8: GameSetup
A9: Region | B9: GameSetup Region 1
A10: State | B10: Initial state (region 1)
A11: State | B11: TimingSelection
A12: Action | B12: incrTimingProgram()
... A53: History State | B53: additional elements

Sheet GPT-5 Generation
A1: Type | B1: Element | C1: GPT-5 Generation | D1: Notes
A2: State | B2: initial state (off) | C2: 1 | D2: Top level initial pseudostate is present.
A3: Transition | B3: initial state (off) => off | C3: 1 | D3: Initial transition goes to Off.
A4: State | B4: Off | C4: 1 | D4: Off state is explicitly modeled.
A5: Transition | B5: off => on | C5: 1 | D5: onOff powers the clock from Off to On.
A6: Composite State | B6: On | C6: 1 | D6: On is modeled as a composite containing setup and game behavior.
A7: State | B7: initial state (on) | C7: 1 | D7: Initial state inside On enters Setup.
A8: Composite State | B8: GameSetup | C8: 1 | D8: Setup composite covers pregame timing and seating configuration.
A9: Region | B9: GameSetup Region 1 | C9: 1 | D9: Timing selection behavior is represented in ChoosingTiming.
A10: State | B10: Initial state (region 1) | C10: 1 | D10: ChoosingTiming has an initial transition to BrowseWhiteLeft.
A11: State | B11: TimingSelection | C11: 1 | D11: Timing browsing is explicitly modeled by ChoosingTiming.
A12: Action | B12: incrTimingProgram() | C12: 1 | D12: plus advances to the next predefined timing.
A13: Action | B13: decrTimingProgram() | C13: 1 | D13: minus goes to the previous predefined timing.
... A53: History State | B53: additional elements | C53: 0 | D53: No incorrect extra history states are introduced.

Sheet Metrics
A1: Generated by GPT-5 | J1: Date
A2: Type | B2: Ground Truth Count | C2: True Positive | D2: False Positive | E2: False Negative | F2: Precision | G2: Recall | H2: F1 Score | J2: March 16th, 2026
A3: Composite State | B3: =COUNTIF('Chess Clock'!$A$2:$A$46, A3) -> 3 | C3: =SUMIF('GPT-5 Generation'!$A$2:$A$46, $A3, 'GPT-5 Generation'!$C$2:$C$46) -> 3 | D3: =SUMIF('GPT-5 Generation'!$A$47:$A$53, $A3, 'GPT-5 Generation'!$C$47:$C$53) -> 0 | E3: =COUNTIFS('GPT-5 Generation'!$A$2:$A$46, $A3, 'GPT-5 Generation'!$C$2:$C$46,0) -> 0 | F3: =IFERROR(C3 / (C3 + D3), "Not Available") -> 1 | G3: =IFERROR(C3 / B3, "Not Available") -> 1 | H3: =IFERROR(2*((F3*G3)/(F3+G3)),"Not Available") -> 1
A4: State | B4: =COUNTIF('Chess Clock'!$A$2:$A$46, A4) -> 13 | C4: =SUMIF('GPT-5 Generation'!$A$2:$A$46, $A4, 'GPT-5 Generation'!$C$2:$C$46) -> 13 | D4: =SUMIF('GPT-5 Generation'!$A$47:$A$53, $A4, 'GPT-5 Generation'!$C$47:$C$53) -> 0 | E4: =COUNTIFS('GPT-5 Generation'!$A$2:$A$46, $A4, 'GPT-5 Generation'!$C$2:$C$46,0) -> 0 | F4: =IFERROR(C4 / (C4 + D4), "Not Available") -> 1 | G4: =IFERROR(C4 / B4, "Not Available") -> 1 | H4: =IFERROR(2*((F4*G4)/(F4+G4)),"Not Available") -> 1 | J4: Grading LLM
A5: Transition | B5: =COUNTIF('Chess Clock'!$A$2:$A$46, A5) -> 14 | C5: =SUMIF('GPT-5 Generation'!$A$2:$A$46, $A5, 'GPT-5 Generation'!$C$2:$C$46) -> 14 | D5: =SUMIF('GPT-5 Generation'!$A$47:$A$53, $A5, 'GPT-5 Generation'!$C$47:$C$53) -> 0 | E5: =COUNTIFS('GPT-5 Generation'!$A$2:$A$46, $A5, 'GPT-5 Generation'!$C$2:$C$46,0) -> 0 | F5: =IFERROR(C5 / (C5 + D5), "Not Available") -> 1 | G5: =IFERROR(C5 / B5, "Not Available") -> 1 | H5: =IFERROR(2*((F5*G5)/(F5+G5)),"Not Available") -> 1 | J5: GPT-5.5
A6: Action | B6: =COUNTIF('Chess Clock'!$A$2:$A$46, A6) -> 8 | C6: =SUMIF('GPT-5 Generation'!$A$2:$A$46, $A6, 'GPT-5 Generation'!$C$2:$C$46) -> 8 | D6: =SUMIF('GPT-5 Generation'!$A$47:$A$53, $A6, 'GPT-5 Generation'!$C$47:$C$53) -> 0 | E6: =COUNTIFS('GPT-5 Generation'!$A$2:$A$46, $A6, 'GPT-5 Generation'!$C$2:$C$46,0) -> 0 | F6: =IFERROR(C6 / (C6 + D6), "Not Available") -> 1 | G6: =IFERROR(C6 / B6, "Not Available") -> 1 | H6: =IFERROR(2*((F6*G6)/(F6+G6)),"Not Available") -> 1
A7: Region | B7: =COUNTIF('Chess Clock'!$A$2:$A$46, A7) -> 2 | C7: =SUMIF('GPT-5 Generation'!$A$2:$A$46, $A7, 'GPT-5 Generation'!$C$2:$C$46) -> 2 | D7: =SUMIF('GPT-5 Generation'!$A$47:$A$53, $A7, 'GPT-5 Generation'!$C$47:$C$53) -> 0 | E7: =COUNTIFS('GPT-5 Generation'!$A$2:$A$46, $A7, 'GPT-5 Generation'!$C$2:$C$46,0) -> 0 | F7: =IFERROR(C7 / (C7 + D8), "Not Available") -> 1 | G7: =IFERROR(C7 / B7, "Not Available") -> 1 | H7: =IFERROR(2*((F7*G7)/(F7+G7)),"Not Available") -> 1 | J7: Generation LLMs
A8: History State | B8: =COUNTIF('Chess Clock'!$A$2:$A$46, A8) -> 1 | C8: =SUMIF('GPT-5 Generation'!$A$2:$A$46, $A8, 'GPT-5 Generation'!$C$2:$C$46) -> 1 | D8: =SUMIF('GPT-5 Generation'!$A$47:$A$53, $A8, 'GPT-5 Generation'!$C$47:$C$53) -> 0 | E8: =COUNTIFS('GPT-5 Generation'!$A$2:$A$46, $A8, 'GPT-5 Generation'!$C$2:$C$46,0) -> 0 | F8: =IFERROR(C8 / (C8 +#REF!), "Not Available") -> Not Available | G8: =IFERROR(C8 / B8, "Not Available") -> 1 | H8: =IFERROR(2*((F8*G8)/(F8+G8)),"Not Available") -> Not Available | J8: GPT-5.5
A9: Guard | B9: =COUNTIF('Chess Clock'!$A$2:$A$46, A9) -> 4 | C9: =SUMIF('GPT-5 Generation'!$A$2:$A$46, $A9, 'GPT-5 Generation'!$C$2:$C$46) -> 4 | D9: =SUMIF('GPT-5 Generation'!$A$47:$A$53, $A9, 'GPT-5 Generation'!$C$47:$C$53) -> 0 | E9: =COUNTIFS('GPT-5 Generation'!$A$2:$A$46, $A9, 'GPT-5 Generation'!$C$2:$C$46,0) -> 0 | F9: =IFERROR(C9 / (C9 + D9), "Not Available") -> 1 | G9: =IFERROR(C9 / B9, "Not Available") -> 1 | H9: =IFERROR(2*((F9*G9)/(F9+G9)),"Not Available") -> 1
A10: Overall Score | B10: =SUM(B3:B9) -> 45 | C10: =SUM(C3:C9) -> 45 | D10: =SUM(D3:D9) -> 0 | E10: =SUM(E3:E9) -> 0 | F10: =IFERROR(C10 / (C10 + D10), "Not Available") -> 1 | G10: =IFERROR(C10 / B10, "Not Available") -> 1 | H10: =IFERROR(2*((F10*G10)/(F10+G10)),"Not Available") -> 1
