Workbook

Sheet Train Automation System
A1: Type | B1: Element
A2: ='GPT-5 Generation'!A2 | B2: ='GPT-5 Generation'!B2
A3: ='GPT-5 Generation'!A3 | B3: ='GPT-5 Generation'!B3
A4: ='GPT-5 Generation'!A4 | B4: ='GPT-5 Generation'!B4
A5: ='GPT-5 Generation'!A5 | B5: ='GPT-5 Generation'!B5
A6: ='GPT-5 Generation'!A6 | B6: ='GPT-5 Generation'!B6
A7: ='GPT-5 Generation'!A7 | B7: ='GPT-5 Generation'!B7
A8: ='GPT-5 Generation'!A8 | B8: ='GPT-5 Generation'!B8
A9: ='GPT-5 Generation'!A9 | B9: ='GPT-5 Generation'!B9
A10: ='GPT-5 Generation'!A10 | B10: ='GPT-5 Generation'!B10
A11: ='GPT-5 Generation'!A11 | B11: ='GPT-5 Generation'!B11
A12: ='GPT-5 Generation'!A12 | B12: ='GPT-5 Generation'!B12
A13: ='GPT-5 Generation'!A13 | B13: ='GPT-5 Generation'!B13
... A78: ='GPT-5 Generation'!A78 | B78: ='GPT-5 Generation'!B78

Sheet GPT-5 Generation
A1: Type | B1: Element | C1: GPT-5 | D1: Notes
A2: State | B2: Initial state (→ Scheduled) | C2: 0 | D2: Student model starts with Inactive state instead of Scheduled; initial state points to Inactive not Scheduled.
A3: State | B3: Scheduled | C3: 0 | D3: No Scheduled state exists in student submission; uses Inactive state which does not represent the scheduled waiting period.
A4: Transition | B4: at beginningStopDuration (Scheduled ⇒ Active) | C4: 0.5 | D4: Transition exists from Inactive to Active with scheduledStopBegins event but does not match the expected atBeginningStopDuration semantics exactly.
A5: Action | B5: pOn; setCS; | C5: 1 | D5: Actions pOn() and setCS(firstSegment) are present on the Inactive to Active transition.
A6: Composite State | B6: Active | C6: 1 | D6: Active composite state is present and contains the required regions.
A7: Region | B7: TrainControl | C7: 0.5 | D7: Student has Operation region which serves similar purpose but is named differently; contains Journey and EmergencyStopped states.
A8: Composite State | B8: TrainMovement | C8: 1 | D8: Journey composite state in student submission represents the train movement logic equivalent to TrainMovement.
A9: State | B9: Initial state (TrainMovement → AtStation) | C9: 1 | D9: Initial state in Journey points to InitialStationStop which represents the station stop behavior.
A10: State | B10: AtStation | C10: 1 | D10: InitialStationStop and DwellingAtStation states together represent AtStation behavior; doors open and close appropriately.
A11: Action | B11: entry / openDoors() | C11: 1 | D11: openDoors() action is present when entering DwellingAtStation after stoppedDetected.
A12: Action | B12: exit / closeDoors() | C12: 1 | D12: closeDoors() action is present when leaving DwellingAtStation and InitialStationStop states.
A13: Transition | B13: after stopDuration (AtStation ⇒ StopNotRequired) | C13: 1 | D13: Transition from InitialStationStop and DwellingAtStation to Running after stopDuration with setSpeed action.
... A78: History State | B78: additional elements | C78: 0 | D78: No fundamentally incorrect additional history states present.

Sheet Metrics
A1: Generated by GPT-5 | J1: Date
A2: Type | B2: Ground Truth Count | C2: True Positive | D2: False Positive | E2: False Negative | F2: Precision | G2: Recall | H2: F1 Score | J2: March 16th, 2026
A3: Composite State | B3: =COUNTIF('Train Automation System'!$A$2:$A$71, A3) | C3: =SUMIF('GPT-5 Generation'!$A$2:$A$71, $A3, 'GPT-5 Generation'!$C$2:$C$71) | D3: =SUMIF('GPT-5 Generation'!$A$72:$A$78, $A3, 'GPT-5 Generation'!$C$72:$C$78) | E3: =COUNTIFS('GPT-5 Generation'!$A$2:$A$71, $A3, 'GPT-5 Generation'!$C$2:$C$71,0) | F3: =IFERROR(C3 / (C3 + D3), "Not Available") | G3: =IFERROR(C3 / B3, "Not Available") | H3: =IFERROR(2*((F3*G3)/(F3+G3)),"Not Available")
A4: State | B4: =COUNTIF('Train Automation System'!$A$2:$A$71, A4) | C4: =SUMIF('GPT-5 Generation'!$A$2:$A$71, $A4, 'GPT-5 Generation'!$C$2:$C$71) | D4: =SUMIF('GPT-5 Generation'!$A$72:$A$78, $A4, 'GPT-5 Generation'!$C$72:$C$78) | E4: =COUNTIFS('GPT-5 Generation'!$A$2:$A$71, $A4, 'GPT-5 Generation'!$C$2:$C$71,0) | F4: =IFERROR(C4 / (C4 + D4), "Not Available") | G4: =IFERROR(C4 / B4, "Not Available") | H4: =IFERROR(2*((F4*G4)/(F4+G4)),"Not Available") | J4: Grading LLM
A5: Transition | B5: =COUNTIF('Train Automation System'!$A$2:$A$71, A5) | C5: =SUMIF('GPT-5 Generation'!$A$2:$A$71, $A5, 'GPT-5 Generation'!$C$2:$C$71) | D5: =SUMIF('GPT-5 Generation'!$A$72:$A$78, $A5, 'GPT-5 Generation'!$C$72:$C$78) | E5: =COUNTIFS('GPT-5 Generation'!$A$2:$A$71, $A5, 'GPT-5 Generation'!$C$2:$C$71,0) | F5: =IFERROR(C5 / (C5 + D5), "Not Available") | G5: =IFERROR(C5 / B5, "Not Available") | H5: =IFERROR(2*((F5*G5)/(F5+G5)),"Not Available") | J5: Claude
A6: Action | B6: =COUNTIF('Train Automation System'!$A$2:$A$71, A6) | C6: =SUMIF('GPT-5 Generation'!$A$2:$A$71, $A6, 'GPT-5 Generation'!$C$2:$C$71) | D6: =SUMIF('GPT-5 Generation'!$A$72:$A$78, $A6, 'GPT-5 Generation'!$C$72:$C$78) | E6: =COUNTIFS('GPT-5 Generation'!$A$2:$A$71, $A6, 'GPT-5 Generation'!$C$2:$C$71,0) | F6: =IFERROR(C6 / (C6 + D6), "Not Available") | G6: =IFERROR(C6 / B6, "Not Available") | H6: =IFERROR(2*((F6*G6)/(F6+G6)),"Not Available")
A7: Region | B7: =COUNTIF('Train Automation System'!$A$2:$A$71, A7) | C7: =SUMIF('GPT-5 Generation'!$A$2:$A$71, $A7, 'GPT-5 Generation'!$C$2:$C$71) | D7: =SUMIF('GPT-5 Generation'!$A$72:$A$78, $A7, 'GPT-5 Generation'!$C$72:$C$78) | E7: =COUNTIFS('GPT-5 Generation'!$A$2:$A$71, $A7, 'GPT-5 Generation'!$C$2:$C$71,0) | F7: =IFERROR(C7 / (C7 + D7), "Not Available") | G7: =IFERROR(C7 / B7, "Not Available") | H7: =IFERROR(2*((F7*G7)/(F7+G7)),"Not Available") | J7: Generation LLMs
A8: History State | B8: =COUNTIF('Train Automation System'!$A$2:$A$71, A8) | C8: =SUMIF('GPT-5 Generation'!$A$2:$A$71, $A8, 'GPT-5 Generation'!$C$2:$C$71) | D8: =SUMIF('GPT-5 Generation'!$A$72:$A$78, $A8, 'GPT-5 Generation'!$C$72:$C$78) | E8: =COUNTIFS('GPT-5 Generation'!$A$2:$A$71, $A8, 'GPT-5 Generation'!$C$2:$C$71,0) | F8: =IFERROR(C8 / (C8 + D8), "Not Available") | G8: =IFERROR(C8 / B8, "Not Available") | H8: =IFERROR(2*((F8*G8)/(F8+G8)),"Not Available") | J8: GPT-5
A9: Guard | B9: =COUNTIF('Train Automation System'!$A$2:$A$71, A9) | C9: =SUMIF('GPT-5 Generation'!$A$2:$A$71, $A9, 'GPT-5 Generation'!$C$2:$C$71) | D9: =SUMIF('GPT-5 Generation'!$A$72:$A$78, $A9, 'GPT-5 Generation'!$C$72:$C$78) | E9: =COUNTIFS('GPT-5 Generation'!$A$2:$A$71, $A9, 'GPT-5 Generation'!$C$2:$C$71,0) | F9: =IFERROR(C9 / (C9 + D9), "Not Available") | G9: =IFERROR(C9 / B9, "Not Available") | H9: =IFERROR(2*((F9*G9)/(F9+G9)),"Not Available")
A10: Overall Score | B10: =SUM(B3:B9) | C10: =SUM(C3:C9) | D10: =SUM(D3:D9) | E10: =SUM(E3:E9) | F10: =IFERROR(C10 / (C10 + D10), "Not Available") | G10: =IFERROR(C10 / B10, "Not Available") | H10: =IFERROR(2*((F10*G10)/(F10+G10)),"Not Available")
