Workbook

Sheet Train Automation System
A1: Type | B1: Element
A2: ='Gemini 3 Pro Generation'!A2 | B2: ='Gemini 3 Pro Generation'!B2
A3: ='Gemini 3 Pro Generation'!A3 | B3: ='Gemini 3 Pro Generation'!B3
A4: ='Gemini 3 Pro Generation'!A4 | B4: ='Gemini 3 Pro Generation'!B4
A5: ='Gemini 3 Pro Generation'!A5 | B5: ='Gemini 3 Pro Generation'!B5
A6: ='Gemini 3 Pro Generation'!A6 | B6: ='Gemini 3 Pro Generation'!B6
A7: ='Gemini 3 Pro Generation'!A7 | B7: ='Gemini 3 Pro Generation'!B7
A8: ='Gemini 3 Pro Generation'!A8 | B8: ='Gemini 3 Pro Generation'!B8
A9: ='Gemini 3 Pro Generation'!A9 | B9: ='Gemini 3 Pro Generation'!B9
A10: ='Gemini 3 Pro Generation'!A10 | B10: ='Gemini 3 Pro Generation'!B10
A11: ='Gemini 3 Pro Generation'!A11 | B11: ='Gemini 3 Pro Generation'!B11
A12: ='Gemini 3 Pro Generation'!A12 | B12: ='Gemini 3 Pro Generation'!B12
A13: ='Gemini 3 Pro Generation'!A13 | B13: ='Gemini 3 Pro Generation'!B13
... A78: ='Gemini 3 Pro Generation'!A78 | B78: ='Gemini 3 Pro Generation'!B78

Sheet Gemini 3 Pro Generation
A1: Type | B1: Element | C1: Gemini 3 Pro | D1: Notes
A2: State | B2: Initial state (→ Scheduled) | C2: 1 | D2: Present as [*] --> Scheduled
A3: State | B3: Scheduled | C3: 1 | D3: Present in student submission
A4: Transition | B4: at beginningStopDuration (Scheduled ⇒ Active) | C4: 1 | D4: Present as atStartOfStopDuration transition from Scheduled to Active
A5: Action | B5: pOn; setCS; | C5: 1 | D5: Both actions present: pOn() and setCS(firstSegment)
A6: Composite State | B6: Active | C6: 1 | D6: Present as composite state with regions
A7: Region | B7: TrainControl | C7: 1 | D7: Present as ControlRegion containing train control logic
A8: Composite State | B8: TrainMovement | C8: 1 | D8: Present as Control composite state containing movement states
A9: State | B9: Initial state (TrainMovement → AtStation) | C9: 1 | D9: Present as [*] --> AtStation within Control
A10: State | B10: AtStation | C10: 1 | D10: Present in student submission
A11: Action | B11: entry / openDoors() | C11: 1 | D11: Present as entry action in AtStation note
A12: Action | B12: exit / closeDoors() | C12: 1 | D12: Present as closeDoors() action on transition from AtStation
A13: Transition | B13: after stopDuration (AtStation ⇒ StopNotRequired) | C13: 1 | D13: Present as transition from AtStation to Moving after stopDuration
... A78: History State | B78: additional elements | C78: 0 | D78: No fundamentally incorrect additional history states

Sheet Metrics
A1: Generated by Gemini 3 Pro | J1: Date
A2: Type | B2: Ground Truth Count | C2: True Positive | D2: False Positive | E2: False Negative | F2: Precision | G2: Recall | H2: F1 Score | J2: March 16th, 2026
A3: Composite State | B3: =COUNTIF('Train Automation System'!$A$2:$A$71, A3) | C3: =SUMIF('Gemini 3 Pro Generation'!$A$2:$A$71, $A3, 'Gemini 3 Pro Generation'!$C$2:$C$71) | D3: =SUMIF('Gemini 3 Pro Generation'!$A$72:$A$78, $A3, 'Gemini 3 Pro Generation'!$C$72:$C$78) | E3: =COUNTIFS('Gemini 3 Pro Generation'!$A$2:$A$71, $A3, 'Gemini 3 Pro Generation'!$C$2:$C$71,0) | F3: =IFERROR(C3 / (C3 + D3), "Not Available") | G3: =IFERROR(C3 / B3, "Not Available") | H3: =IFERROR(2*((F3*G3)/(F3+G3)),"Not Available")
A4: State | B4: =COUNTIF('Train Automation System'!$A$2:$A$71, A4) | C4: =SUMIF('Gemini 3 Pro Generation'!$A$2:$A$71, $A4, 'Gemini 3 Pro Generation'!$C$2:$C$71) | D4: =SUMIF('Gemini 3 Pro Generation'!$A$72:$A$78, $A4, 'Gemini 3 Pro Generation'!$C$72:$C$78) | E4: =COUNTIFS('Gemini 3 Pro Generation'!$A$2:$A$71, $A4, 'Gemini 3 Pro Generation'!$C$2:$C$71,0) | F4: =IFERROR(C4 / (C4 + D4), "Not Available") | G4: =IFERROR(C4 / B4, "Not Available") | H4: =IFERROR(2*((F4*G4)/(F4+G4)),"Not Available") | J4: Grading LLM
A5: Transition | B5: =COUNTIF('Train Automation System'!$A$2:$A$71, A5) | C5: =SUMIF('Gemini 3 Pro Generation'!$A$2:$A$71, $A5, 'Gemini 3 Pro Generation'!$C$2:$C$71) | D5: =SUMIF('Gemini 3 Pro Generation'!$A$72:$A$78, $A5, 'Gemini 3 Pro Generation'!$C$72:$C$78) | E5: =COUNTIFS('Gemini 3 Pro Generation'!$A$2:$A$71, $A5, 'Gemini 3 Pro Generation'!$C$2:$C$71,0) | F5: =IFERROR(C5 / (C5 + D5), "Not Available") | G5: =IFERROR(C5 / B5, "Not Available") | H5: =IFERROR(2*((F5*G5)/(F5+G5)),"Not Available") | J5: Claude Sonnet 4.5
A6: Action | B6: =COUNTIF('Train Automation System'!$A$2:$A$71, A6) | C6: =SUMIF('Gemini 3 Pro Generation'!$A$2:$A$71, $A6, 'Gemini 3 Pro Generation'!$C$2:$C$71) | D6: =SUMIF('Gemini 3 Pro Generation'!$A$72:$A$78, $A6, 'Gemini 3 Pro Generation'!$C$72:$C$78) | E6: =COUNTIFS('Gemini 3 Pro Generation'!$A$2:$A$71, $A6, 'Gemini 3 Pro Generation'!$C$2:$C$71,0) | F6: =IFERROR(C6 / (C6 + D6), "Not Available") | G6: =IFERROR(C6 / B6, "Not Available") | H6: =IFERROR(2*((F6*G6)/(F6+G6)),"Not Available")
A7: Region | B7: =COUNTIF('Train Automation System'!$A$2:$A$71, A7) | C7: =SUMIF('Gemini 3 Pro Generation'!$A$2:$A$71, $A7, 'Gemini 3 Pro Generation'!$C$2:$C$71) | D7: =SUMIF('Gemini 3 Pro Generation'!$A$72:$A$78, $A7, 'Gemini 3 Pro Generation'!$C$72:$C$78) | E7: =COUNTIFS('Gemini 3 Pro Generation'!$A$2:$A$71, $A7, 'Gemini 3 Pro Generation'!$C$2:$C$71,0) | F7: =IFERROR(C7 / (C7 + D7), "Not Available") | G7: =IFERROR(C7 / B7, "Not Available") | H7: =IFERROR(2*((F7*G7)/(F7+G7)),"Not Available") | J7: Generation LLMs
A8: History State | B8: =COUNTIF('Train Automation System'!$A$2:$A$71, A8) | C8: =SUMIF('Gemini 3 Pro Generation'!$A$2:$A$71, $A8, 'Gemini 3 Pro Generation'!$C$2:$C$71) | D8: =SUMIF('Gemini 3 Pro Generation'!$A$72:$A$78, $A8, 'Gemini 3 Pro Generation'!$C$72:$C$78) | E8: =COUNTIFS('Gemini 3 Pro Generation'!$A$2:$A$71, $A8, 'Gemini 3 Pro Generation'!$C$2:$C$71,0) | F8: =IFERROR(C8 / (C8 + D8), "Not Available") | G8: =IFERROR(C8 / B8, "Not Available") | H8: =IFERROR(2*((F8*G8)/(F8+G8)),"Not Available") | J8: Gemini 3 Pro
A9: Guard | B9: =COUNTIF('Train Automation System'!$A$2:$A$71, A9) | C9: =SUMIF('Gemini 3 Pro Generation'!$A$2:$A$71, $A9, 'Gemini 3 Pro Generation'!$C$2:$C$71) | D9: =SUMIF('Gemini 3 Pro Generation'!$A$72:$A$78, $A9, 'Gemini 3 Pro Generation'!$C$72:$C$78) | E9: =COUNTIFS('Gemini 3 Pro Generation'!$A$2:$A$71, $A9, 'Gemini 3 Pro Generation'!$C$2:$C$71,0) | F9: =IFERROR(C9 / (C9 + D9), "Not Available") | G9: =IFERROR(C9 / B9, "Not Available") | H9: =IFERROR(2*((F9*G9)/(F9+G9)),"Not Available") | J9: Claude Sonnet 4.5
A10: Overall Score | B10: =SUM(B3:B9) | C10: =SUM(C3:C9) | D10: =SUM(D3:D9) | E10: =SUM(E3:E9) | F10: =IFERROR(C10 / (C10 + D10), "Not Available") | G10: =IFERROR(C10 / B10, "Not Available") | H10: =IFERROR(2*((F10*G10)/(F10+G10)),"Not Available")
A12: Generated by Claude Sonnet 4.5
A13: Type | B13: Ground Truth Count | C13: True Positive | D13: False Positive | E13: False Negative | F13: Precision | G13: Recall | H13: F1 Score
A14: Composite state | B14: =COUNTIF('Train Automation System'!$A$2:$A$71, A14) | C14: =SUMIF('Claude Sonnet 4.5 Gen'!$A$2:$A$71, $A14, 'Claude Sonnet 4.5 Gen'!$C$2:$C$71) | D14: =SUMIF('Claude Sonnet 4.5 Gen'!$A$72:$A$78, $A14, 'Claude Sonnet 4.5 Gen'!$C$72:$C$78) | E14: =COUNTIFS('Claude Sonnet 4.5 Gen'!$A$2:$A$71, $A14, 'Claude Sonnet 4.5 Gen'!$C$2:$C$71,0) | F14: =IFERROR(C14 / (C14 + D14), "Not Available") | G14: =IFERROR(C14 / B14, "Not Available") | H14: =IFERROR(2*((F14*G14)/(F14+G14)),"Not Available")
A15: State | B15: =COUNTIF('Train Automation System'!$A$2:$A$71, A15) | C15: =SUMIF('Claude Sonnet 4.5 Gen'!$A$2:$A$71, $A15, 'Claude Sonnet 4.5 Gen'!$C$2:$C$71) | D15: =SUMIF('Claude Sonnet 4.5 Gen'!$A$72:$A$78, $A15, 'Claude Sonnet 4.5 Gen'!$C$72:$C$78) | E15: =COUNTIFS('Claude Sonnet 4.5 Gen'!$A$2:$A$71, $A15, 'Claude Sonnet 4.5 Gen'!$C$2:$C$71,0) | F15: =IFERROR(C15 / (C15 + D15), "Not Available") | G15: =IFERROR(C15 / B15, "Not Available") | H15: =IFERROR(2*((F15*G15)/(F15+G15)),"Not Available")
A16: Transition | B16: =COUNTIF('Train Automation System'!$A$2:$A$71, A16) | C16: =SUMIF('Claude Sonnet 4.5 Gen'!$A$2:$A$71, $A16, 'Claude Sonnet 4.5 Gen'!$C$2:$C$71) | D16: =SUMIF('Claude Sonnet 4.5 Gen'!$A$72:$A$78, $A16, 'Claude Sonnet 4.5 Gen'!$C$72:$C$78) | E16: =COUNTIFS('Claude Sonnet 4.5 Gen'!$A$2:$A$71, $A16, 'Claude Sonnet 4.5 Gen'!$C$2:$C$71,0) | F16: =IFERROR(C16 / (C16 + D16), "Not Available") | G16: =IFERROR(C16 / B16, "Not Available") | H16: =IFERROR(2*((F16*G16)/(F16+G16)),"Not Available")
A17: Action | B17: =COUNTIF('Train Automation System'!$A$2:$A$71, A17) | C17: =SUMIF('Claude Sonnet 4.5 Gen'!$A$2:$A$71, $A17, 'Claude Sonnet 4.5 Gen'!$C$2:$C$71) | D17: =SUMIF('Claude Sonnet 4.5 Gen'!$A$72:$A$78, $A17, 'Claude Sonnet 4.5 Gen'!$C$72:$C$78) | E17: =COUNTIFS('Claude Sonnet 4.5 Gen'!$A$2:$A$71, $A17, 'Claude Sonnet 4.5 Gen'!$C$2:$C$71,0) | F17: =IFERROR(C17 / (C17 + D17), "Not Available") | G17: =IFERROR(C17 / B17, "Not Available") | H17: =IFERROR(2*((F17*G17)/(F17+G17)),"Not Available")
A18: Region | B18: =COUNTIF('Train Automation System'!$A$2:$A$71, A18) | C18: =SUMIF('Claude Sonnet 4.5 Gen'!$A$2:$A$71, $A18, 'Claude Sonnet 4.5 Gen'!$C$2:$C$71) | D18: =SUMIF('Claude Sonnet 4.5 Gen'!$A$72:$A$78, $A18, 'Claude Sonnet 4.5 Gen'!$C$72:$C$78) | E18: =COUNTIFS('Claude Sonnet 4.5 Gen'!$A$2:$A$71, $A18, 'Claude Sonnet 4.5 Gen'!$C$2:$C$71,0) | F18: =IFERROR(C18 / (C18 + D18), "Not Available") | G18: =IFERROR(C18 / B18, "Not Available") | H18: =IFERROR(2*((F18*G18)/(F18+G18)),"Not Available")
A19: History State | B19: =COUNTIF('Train Automation System'!$A$2:$A$71, A19) | C19: =SUMIF('Claude Sonnet 4.5 Gen'!$A$2:$A$71, $A19, 'Claude Sonnet 4.5 Gen'!$C$2:$C$71) | D19: =SUMIF('Claude Sonnet 4.5 Gen'!$A$72:$A$78, $A19, 'Claude Sonnet 4.5 Gen'!$C$72:$C$78) | E19: =COUNTIFS('Claude Sonnet 4.5 Gen'!$A$2:$A$71, $A19, 'Claude Sonnet 4.5 Gen'!$C$2:$C$71,0) | F19: =IFERROR(C19 / (C19 + D19), "Not Available") | G19: =IFERROR(C19 / B19, "Not Available") | H19: =IFERROR(2*((F19*G19)/(F19+G19)),"Not Available")
A20: Guard | B20: =COUNTIF('Train Automation System'!$A$2:$A$71, A20) | C20: =SUMIF('Claude Sonnet 4.5 Gen'!$A$2:$A$71, $A20, 'Claude Sonnet 4.5 Gen'!$C$2:$C$71) | D20: =SUMIF('Claude Sonnet 4.5 Gen'!$A$72:$A$78, $A20, 'Claude Sonnet 4.5 Gen'!$C$72:$C$78) | E20: =COUNTIFS('Claude Sonnet 4.5 Gen'!$A$2:$A$71, $A20, 'Claude Sonnet 4.5 Gen'!$C$2:$C$71,0) | F20: =IFERROR(C20 / (C20 + D20), "Not Available") | G20: =IFERROR(C20 / B20, "Not Available") | H20: =IFERROR(2*((F20*G20)/(F20+G20)),"Not Available")
A21: Overall Score | B21: =SUM(B14:B20) | C21: =SUM(C14:C20) | D21: =SUM(D14:D20) | E21: =SUM(E14:E20) | F21: =IFERROR(C21 / (C21 + D21), "Not Available") | G21: =IFERROR(C21 / B21, "Not Available") | H21: =IFERROR(2*((F21*G21)/(F21+G21)),"Not Available")
