Workbook

Sheet Dishwasher
A1: Type | B1: Element
A2: Composite State | B2: DishwasherOn
A3: Region | B3: Door
A4: State | B4: initial state (⇒ Closed)
A5: State | B5: Closed
A6: Transition | B6: open (Closed ⇒ Open)
A7: Transition | B7: lock (Closed ⇒ Locked)
A8: State | B8: Open
A9: Transition | B9: close (Open ⇒ Closed)
A10: State | B10: Locked
A11: Transition | B11: unlock (Locked ⇒ Closed)
A12: Region | B12: Washer
... A55: History State | B55: additional elements

Sheet GPT-5.5 Grading
A1: Type | B1: Element | C1: Grading | D1: Notes
A2: Composite State | B2: DishwasherOn | C2: 1 | D2: Top level dishwasher composite is represented with a differently named Dishwasher state.
A3: Region | B3: Door | C3: 0.5 | D3: Door behavior is only implicit through lock and unlock actions plus drying open and close events.
A4: State | B4: initial state (⇒ Closed) | C4: 0 | D4: No explicit door initial state or initial closed condition is modeled.
A5: State | B5: Closed | C5: 0 | D5: No explicit Closed door state is present.
A6: Transition | B6: open (Closed ⇒ Open) | C6: 0.5 | D6: Opening is modeled during drying as suspension but not as a door state transition from Closed to Open.
A7: Transition | B7: lock (Closed ⇒ Locked) | C7: 0.5 | D7: Locking is represented by lockDoor on washing entry but not as a Closed to Locked door transition.
A8: State | B8: Open | C8: 0.5 | D8: An open door is implied by DryingSuspended but no explicit Open state exists.
A9: Transition | B9: close (Open ⇒ Closed) | C9: 0.5 | D9: Closing is modeled from DryingSuspended to Drying but not as a door state transition to Closed.
A10: State | B10: Locked | C10: 0.5 | D10: Locked is implied by lockDoor during the washing phase but no explicit Locked state exists.
A11: Transition | B11: unlock (Locked ⇒ Closed) | C11: 0.5 | D11: Unlocking is represented on exit from washing but not as an explicit Locked to Closed transition.
A12: Region | B12: Washer | C12: 1 | D12: The Operation region covers the washer program behavior.
A13: State | B13: initial state | C13: 1 | D13: Operation has an initial transition to Setup which serves as idle.
... A55: History State | B55: additional elements | C55: 0 | D55: No incorrect extra history states are present.

Sheet Metrics
A1: Generated by Gemini 3.1 Pro | J1: Date
A2: Type | B2: Ground Truth Count | C2: True Positive | D2: False Positive | E2: False Negative | F2: Precision | G2: Recall | H2: F1 Score | J2: March 16th, 2026
A3: Composite State | B3: =COUNTIF(Dishwasher!$A$2:$A$48, A3) | C3: =SUMIF('GPT-5.5 Grading'!$A$2:$A$48, $A3, 'GPT-5.5 Grading'!$C$2:$C$48) | D3: =SUMIF('GPT-5.5 Grading'!$A$49:$A$55, $A3, 'GPT-5.5 Grading'!$C$49:$C$55) | E3: =COUNTIFS('GPT-5.5 Grading'!$A$2:$A$48, $A3, 'GPT-5.5 Grading'!$C$2:$C$48,0) | F3: =IFERROR(C3 / (C3 + D3), "Not Available") | G3: =IFERROR(C3 / B3, "Not Available") | H3: =IFERROR(2*((F3*G3)/(F3+G3)),"Not Available")
A4: State | B4: =COUNTIF(Dishwasher!$A$2:$A$48, A4) | C4: =SUMIF('GPT-5.5 Grading'!$A$2:$A$48, $A4, 'GPT-5.5 Grading'!$C$2:$C$48) | D4: =SUMIF('GPT-5.5 Grading'!$A$49:$A$55, $A4, 'GPT-5.5 Grading'!$C$49:$C$55) | E4: =COUNTIFS('GPT-5.5 Grading'!$A$2:$A$48, $A4, 'GPT-5.5 Grading'!$C$2:$C$48,0) | F4: =IFERROR(C4 / (C4 + D4), "Not Available") | G4: =IFERROR(C4 / B4, "Not Available") | H4: =IFERROR(2*((F4*G4)/(F4+G4)),"Not Available") | J4: Grading LLM
A5: Transition | B5: =COUNTIF(Dishwasher!$A$2:$A$48, A5) | C5: =SUMIF('GPT-5.5 Grading'!$A$2:$A$48, $A5, 'GPT-5.5 Grading'!$C$2:$C$48) | D5: =SUMIF('GPT-5.5 Grading'!$A$49:$A$55, $A5, 'GPT-5.5 Grading'!$C$49:$C$55) | E5: =COUNTIFS('GPT-5.5 Grading'!$A$2:$A$48, $A5, 'GPT-5.5 Grading'!$C$2:$C$48,0) | F5: =IFERROR(C5 / (C5 + D5), "Not Available") | G5: =IFERROR(C5 / B5, "Not Available") | H5: =IFERROR(2*((F5*G5)/(F5+G5)),"Not Available") | J5: GPT-5.5
A6: Action | B6: =COUNTIF(Dishwasher!$A$2:$A$48, A6) | C6: =SUMIF('GPT-5.5 Grading'!$A$2:$A$48, $A6, 'GPT-5.5 Grading'!$C$2:$C$48) | D6: =SUMIF('GPT-5.5 Grading'!$A$49:$A$55, $A6, 'GPT-5.5 Grading'!$C$49:$C$55) | E6: =COUNTIFS('GPT-5.5 Grading'!$A$2:$A$48, $A6, 'GPT-5.5 Grading'!$C$2:$C$48,0) | F6: =IFERROR(C6 / (C6 + D6), "Not Available") | G6: =IFERROR(C6 / B6, "Not Available") | H6: =IFERROR(2*((F6*G6)/(F6+G6)),"Not Available")
A7: Region | B7: =COUNTIF(Dishwasher!$A$2:$A$48, A7) | C7: =SUMIF('GPT-5.5 Grading'!$A$2:$A$48, $A7, 'GPT-5.5 Grading'!$C$2:$C$48) | D7: =SUMIF('GPT-5.5 Grading'!$A$49:$A$55, $A7, 'GPT-5.5 Grading'!$C$49:$C$55) | E7: =COUNTIFS('GPT-5.5 Grading'!$A$2:$A$48, $A7, 'GPT-5.5 Grading'!$C$2:$C$48,0) | F7: =IFERROR(C7 / (C7 + D7), "Not Available") | G7: =IFERROR(C7 / B7, "Not Available") | H7: =IFERROR(2*((F7*G7)/(F7+G7)),"Not Available") | J7: Generation LLMs
A8: History State | B8: =COUNTIF(Dishwasher!$A$2:$A$48, A8) | C8: =SUMIF('GPT-5.5 Grading'!$A$2:$A$48, $A8, 'GPT-5.5 Grading'!$C$2:$C$48) | D8: =SUMIF('GPT-5.5 Grading'!$A$49:$A$55, $A8, 'GPT-5.5 Grading'!$C$49:$C$55) | E8: =COUNTIFS('GPT-5.5 Grading'!$A$2:$A$48, $A8, 'GPT-5.5 Grading'!$C$2:$C$48,0) | F8: =IFERROR(C8 / (C8 + D8), "Not Available") | G8: =IFERROR(C8 / B8, "Not Available") | H8: =IFERROR(2*((F8*G8)/(F8+G8)),"Not Available") | J8: Gemini 3.1 Pro
A9: Guard | B9: =COUNTIF(Dishwasher!$A$2:$A$48, A9) | C9: =SUMIF('GPT-5.5 Grading'!$A$2:$A$48, $A9, 'GPT-5.5 Grading'!$C$2:$C$48) | D9: =SUMIF('GPT-5.5 Grading'!$A$49:$A$55, $A9, 'GPT-5.5 Grading'!$C$49:$C$55) | E9: =COUNTIFS('GPT-5.5 Grading'!$A$2:$A$48, $A9, 'GPT-5.5 Grading'!$C$2:$C$48,0) | F9: =IFERROR(C9 / (C9 + D9), "Not Available") | G9: =IFERROR(C9 / B9, "Not Available") | H9: =IFERROR(2*((F9*G9)/(F9+G9)),"Not Available")
A10: Overall Score | B10: =SUM(B3:B9) | C10: =SUM(C3:C9) | D10: =SUM(D3:D9) | E10: =SUM(E3:E9) | F10: =IFERROR(C10 / (C10 + D10), "Not Available") | G10: =IFERROR(C10 / B10, "Not Available") | H10: =IFERROR(2*((F10*G10)/(F10+G10)),"Not Available")
