Workbook

Sheet Dishwasher
A1: Type | B1: Element
A2: Composite State | B2: DishwasherOn
A3: Region | B3: Door
A4: State | B4: initial state (⇒ Closed)
A5: State | B5: Closed
A6: Transition | B6: open (Closed ⇒ Open)
A7: Transition | B7: lock (Closed ⇒ Locked)
A8: State | B8: Open
A9: Transition | B9: close (Open ⇒ Closed)
A10: State | B10: Locked
A11: Transition | B11: unlock (Locked ⇒ Closed)
A12: Region | B12: Washer
... A55: History State | B55: additional elements

Sheet GPT-5 Generation
A1: Type | B1: Element | C1: GPT-5 | D1: Notes
A2: Composite State | B2: DishwasherOn | C2: 1 | D2: Represented by ProgramRunning
A3: Region | B3: Door | C3: 0 | D3: No explicit Door region
A4: State | B4: initial state (⇒ Closed) | C4: 0 | D4: No explicit Door states
A5: State | B5: Closed | C5: 0 | D5: No explicit Door states
A6: Transition | B6: open (Closed ⇒ Open) | C6: 0 | D6: No explicit Door states
A7: Transition | B7: lock (Closed ⇒ Locked) | C7: 0.5 | D7: Modeled as entry action lockDoor in Cleaning
A8: State | B8: Open | C8: 0 | D8: No explicit Door states
A9: Transition | B9: close (Open ⇒ Closed) | C9: 0 | D9: No explicit Door states
A10: State | B10: Locked | C10: 0 | D10: No explicit Door states
A11: Transition | B11: unlock (Locked ⇒ Closed) | C11: 0.5 | D11: Modeled as exit action unlockDoor in Cleaning
A12: Region | B12: Washer | C12: 1 | D12: Represented by ProcessRegion
A13: State | B13: initial state | C13: 1 | D13: Represented by initial transition to SetupDefaultDrying
... A55: History State | B55: additional elements | C55: 0 | D55: No additional history states

Sheet Metrics
A1: Generated by GPT-5 | J1: Date
A2: Type | B2: Ground Truth Count | C2: True Positive | D2: False Positive | E2: False Negative | F2: Precision | G2: Recall | H2: F1 Score | J2: March 16th, 2026
A3: Composite State | B3: =COUNTIF(Dishwasher!$A$2:$A$48, A3) -> 2 | C3: =SUMIF('GPT-5 Generation'!$A$2:$A$48, $A3, 'GPT-5 Generation'!$C$2:$C$48) -> 2 | D3: =SUMIF('GPT-5 Generation'!$A$49:$A$55, $A3, 'GPT-5 Generation'!$C$49:$C$55) -> 0 | E3: =COUNTIFS('GPT-5 Generation'!$A$2:$A$48, $A3, 'GPT-5 Generation'!$C$2:$C$48,0) -> 0 | F3: =IFERROR(C3 / (C3 + D3), "Not Available") -> 1 | G3: =IFERROR(C3 / B3, "Not Available") -> 1 | H3: =IFERROR(2*((F3*G3)/(F3+G3)),"Not Available") -> 1
A4: State | B4: =COUNTIF(Dishwasher!$A$2:$A$48, A4) -> 12 | C4: =SUMIF('GPT-5 Generation'!$A$2:$A$48, $A4, 'GPT-5 Generation'!$C$2:$C$48) -> 8 | D4: =SUMIF('GPT-5 Generation'!$A$49:$A$55, $A4, 'GPT-5 Generation'!$C$49:$C$55) -> 0 | E4: =COUNTIFS('GPT-5 Generation'!$A$2:$A$48, $A4, 'GPT-5 Generation'!$C$2:$C$48,0) -> 4 | F4: =IFERROR(C4 / (C4 + D4), "Not Available") -> 1 | G4: =IFERROR(C4 / B4, "Not Available") -> 0.66666667 | H4: =IFERROR(2*((F4*G4)/(F4+G4)),"Not Available") -> 0.8 | J4: Grading LLM
A5: Transition | B5: =COUNTIF(Dishwasher!$A$2:$A$48, A5) -> 19 | C5: =SUMIF('GPT-5 Generation'!$A$2:$A$48, $A5, 'GPT-5 Generation'!$C$2:$C$48) -> 15.5 | D5: =SUMIF('GPT-5 Generation'!$A$49:$A$55, $A5, 'GPT-5 Generation'!$C$49:$C$55) -> 0 | E5: =COUNTIFS('GPT-5 Generation'!$A$2:$A$48, $A5, 'GPT-5 Generation'!$C$2:$C$48,0) -> 2 | F5: =IFERROR(C5 / (C5 + D5), "Not Available") -> 1 | G5: =IFERROR(C5 / B5, "Not Available") -> 0.81578947 | H5: =IFERROR(2*((F5*G5)/(F5+G5)),"Not Available") -> 0.89855072 | J5: GPT-5.5
A6: Action | B6: =COUNTIF(Dishwasher!$A$2:$A$48, A6) -> 7 | C6: =SUMIF('GPT-5 Generation'!$A$2:$A$48, $A6, 'GPT-5 Generation'!$C$2:$C$48) -> 6.5 | D6: =SUMIF('GPT-5 Generation'!$A$49:$A$55, $A6, 'GPT-5 Generation'!$C$49:$C$55) -> 0 | E6: =COUNTIFS('GPT-5 Generation'!$A$2:$A$48, $A6, 'GPT-5 Generation'!$C$2:$C$48,0) -> 0 | F6: =IFERROR(C6 / (C6 + D6), "Not Available") -> 1 | G6: =IFERROR(C6 / B6, "Not Available") -> 0.92857143 | H6: =IFERROR(2*((F6*G6)/(F6+G6)),"Not Available") -> 0.96296296
A7: Region | B7: =COUNTIF(Dishwasher!$A$2:$A$48, A7) -> 2 | C7: =SUMIF('GPT-5 Generation'!$A$2:$A$48, $A7, 'GPT-5 Generation'!$C$2:$C$48) -> 1 | D7: =SUMIF('GPT-5 Generation'!$A$49:$A$55, $A7, 'GPT-5 Generation'!$C$49:$C$55) -> 0 | E7: =COUNTIFS('GPT-5 Generation'!$A$2:$A$48, $A7, 'GPT-5 Generation'!$C$2:$C$48,0) -> 1 | F7: =IFERROR(C7 / (C7 + D7), "Not Available") -> 1 | G7: =IFERROR(C7 / B7, "Not Available") -> 0.5 | H7: =IFERROR(2*((F7*G7)/(F7+G7)),"Not Available") -> 0.66666667 | J7: Generation LLMs
A8: History State | B8: =COUNTIF(Dishwasher!$A$2:$A$48, A8) -> 1 | C8: =SUMIF('GPT-5 Generation'!$A$2:$A$48, $A8, 'GPT-5 Generation'!$C$2:$C$48) -> 0 | D8: =SUMIF('GPT-5 Generation'!$A$49:$A$55, $A8, 'GPT-5 Generation'!$C$49:$C$55) -> 0 | E8: =COUNTIFS('GPT-5 Generation'!$A$2:$A$48, $A8, 'GPT-5 Generation'!$C$2:$C$48,0) -> 1 | F8: =IFERROR(C8 / (C8 + D8), "Not Available") -> Not Available | G8: =IFERROR(C8 / B8, "Not Available") -> 0 | H8: =IFERROR(2*((F8*G8)/(F8+G8)),"Not Available") -> Not Available | J8: GPT-5.5
A9: Guard | B9: =COUNTIF(Dishwasher!$A$2:$A$48, A9) -> 4 | C9: =SUMIF('GPT-5 Generation'!$A$2:$A$48, $A9, 'GPT-5 Generation'!$C$2:$C$48) -> 2 | D9: =SUMIF('GPT-5 Generation'!$A$49:$A$55, $A9, 'GPT-5 Generation'!$C$49:$C$55) -> 0 | E9: =COUNTIFS('GPT-5 Generation'!$A$2:$A$48, $A9, 'GPT-5 Generation'!$C$2:$C$48,0) -> 2 | F9: =IFERROR(C9 / (C9 + D9), "Not Available") -> 1 | G9: =IFERROR(C9 / B9, "Not Available") -> 0.5 | H9: =IFERROR(2*((F9*G9)/(F9+G9)),"Not Available") -> 0.66666667
A10: Overall Score | B10: =SUM(B3:B9) -> 47 | C10: =SUM(C3:C9) -> 35 | D10: =SUM(D3:D9) -> 0 | E10: =SUM(E3:E9) -> 10 | F10: =IFERROR(C10 / (C10 + D10), "Not Available") -> 1 | G10: =IFERROR(C10 / B10, "Not Available") -> 0.74468085 | H10: =IFERROR(2*((F10*G10)/(F10+G10)),"Not Available") -> 0.85365854
