Workbook

Sheet Thermonix
A1: Type | B1: Element
A2: State | B2: initial state (⇒ TransportationMode)
A3: State | B3: TransportationMode
A4: Transition | B4: selectorPressed (TransportationMode ⇒ On)
A5: State | B5: PreparingOff
A6: Transition | B6: selectorReleased (PreparingOff ⇒ On)
A7: Transition | B7: after 5sec (PreparingOff ⇒ Off)
A8: State | B8: Off
A9: Transition | B9: selectorPressed (Off ⇒ On)
A10: Composite State | B10: On
A11: History State | B11: History State for On
A12: Transition | B12: selectorHeld (On ⇒ PreparingOff)
... A51: History State | B51: additional elements

Sheet Gemini 3.1 Pro Generation
A1: Type | B1: Element | C1: Grading | D1: Notes
A2: State | B2: initial state (⇒ TransportationMode) | C2: 1 | D2: Correctly represented
A3: State | B3: TransportationMode | C3: 1 | D3: Correctly represented
A4: Transition | B4: selectorPressed (TransportationMode ⇒ On) | C4: 1 | D4: Correctly represented
A5: State | B5: PreparingOff | C5: 1 | D5: Represented as SwitchingOff
A6: Transition | B6: selectorReleased (PreparingOff ⇒ On) | C6: 1 | D6: Implicitly and correctly handled by the time >= 5s guard on the transition to SwitchingOff
A7: Transition | B7: after 5sec (PreparingOff ⇒ Off) | C7: 1 | D7: Represented by the time >= 5s guard and subsequent selectorReleased transition
A8: State | B8: Off | C8: 1 | D8: Correctly represented
A9: Transition | B9: selectorPressed (Off ⇒ On) | C9: 1 | D9: Correctly represented
A10: Composite State | B10: On | C10: 1 | D10: Correctly represented
A11: History State | B11: History State for On | C11: 0 | D11: Missing history state
A12: Transition | B12: selectorHeld (On ⇒ PreparingOff) | C12: 1 | D12: Correctly represented
A13: Transition | B13: bowlRemoved (On ⇒ On) | C13: 1 | D13: Represented by transitions from Cooking and ShutdownWarning to HomeScreen
... A51: History State | B51: additional elements | C51: 0 | D51: No additional history states

Sheet Metrics
A1: Generated by Gemini 3.1 Pro | J1: Date
A2: Type | B2: Ground Truth Count | C2: True Positive | D2: False Positive | E2: False Negative | F2: Precision | G2: Recall | H2: F1 Score | J2: March 16th, 2026
A3: Composite State | B3: =COUNTIF(Thermonix!$A$2:$A$44, A3) | C3: =SUMIF('Gemini 3.1 Pro Generation'!$A$2:$A$44, $A3, 'Gemini 3.1 Pro Generation'!$C$2:$C$44) | D3: =SUMIF('Gemini 3.1 Pro Generation'!$A$45:$A$51, $A3, 'Gemini 3.1 Pro Generation'!$C$45:$C$51) | E3: =COUNTIFS('Gemini 3.1 Pro Generation'!$A$2:$A$44, $A3, 'Gemini 3.1 Pro Generation'!$C$2:$C$44,0) | F3: =IFERROR(C3 / (C3 + D3), "Not Available") | G3: =IFERROR(C3 / B3, "Not Available") | H3: =IFERROR(2*((F3*G3)/(F3+G3)),"Not Available")
A4: State | B4: =COUNTIF(Thermonix!$A$2:$A$44, A4) | C4: =SUMIF('Gemini 3.1 Pro Generation'!$A$2:$A$44, $A4, 'Gemini 3.1 Pro Generation'!$C$2:$C$44) | D4: =SUMIF('Gemini 3.1 Pro Generation'!$A$45:$A$51, $A4, 'Gemini 3.1 Pro Generation'!$C$45:$C$51) | E4: =COUNTIFS('Gemini 3.1 Pro Generation'!$A$2:$A$44, $A4, 'Gemini 3.1 Pro Generation'!$C$2:$C$44,0) | F4: =IFERROR(C4 / (C4 + D4), "Not Available") | G4: =IFERROR(C4 / B4, "Not Available") | H4: =IFERROR(2*((F4*G4)/(F4+G4)),"Not Available") | J4: Grading LLM
A5: Transition | B5: =COUNTIF(Thermonix!$A$2:$A$44, A5) | C5: =SUMIF('Gemini 3.1 Pro Generation'!$A$2:$A$44, $A5, 'Gemini 3.1 Pro Generation'!$C$2:$C$44) | D5: =SUMIF('Gemini 3.1 Pro Generation'!$A$45:$A$51, $A5, 'Gemini 3.1 Pro Generation'!$C$45:$C$51) | E5: =COUNTIFS('Gemini 3.1 Pro Generation'!$A$2:$A$44, $A5, 'Gemini 3.1 Pro Generation'!$C$2:$C$44,0) | F5: =IFERROR(C5 / (C5 + D5), "Not Available") | G5: =IFERROR(C5 / B5, "Not Available") | H5: =IFERROR(2*((F5*G5)/(F5+G5)),"Not Available") | J5: Gemini 3.1 Pro
A6: Action | B6: =COUNTIF(Thermonix!$A$2:$A$44, A6) | C6: =SUMIF('Gemini 3.1 Pro Generation'!$A$2:$A$44, $A6, 'Gemini 3.1 Pro Generation'!$C$2:$C$44) | D6: =SUMIF('Gemini 3.1 Pro Generation'!$A$45:$A$51, $A6, 'Gemini 3.1 Pro Generation'!$C$45:$C$51) | E6: =COUNTIFS('Gemini 3.1 Pro Generation'!$A$2:$A$44, $A6, 'Gemini 3.1 Pro Generation'!$C$2:$C$44,0) | F6: =IFERROR(C6 / (C6 + D6), "Not Available") | G6: =IFERROR(C6 / B6, "Not Available") | H6: =IFERROR(2*((F6*G6)/(F6+G6)),"Not Available")
A7: Region | B7: =COUNTIF(Thermonix!$A$2:$A$44, A7) | C7: =SUMIF('Gemini 3.1 Pro Generation'!$A$2:$A$44, $A7, 'Gemini 3.1 Pro Generation'!$C$2:$C$44) | D7: =SUMIF('Gemini 3.1 Pro Generation'!$A$45:$A$51, $A7, 'Gemini 3.1 Pro Generation'!$C$45:$C$51) | E7: =COUNTIFS('Gemini 3.1 Pro Generation'!$A$2:$A$44, $A7, 'Gemini 3.1 Pro Generation'!$C$2:$C$44,0) | F7: =IFERROR(C7 / (C7 + D7), "Not Available") | G7: =IFERROR(C7 / B7, "Not Available") | H7: =IFERROR(2*((F7*G7)/(F7+G7)),"Not Available") | J7: Generation LLMs
A8: History State | B8: =COUNTIF(Thermonix!$A$2:$A$44, A8) | C8: =SUMIF('Gemini 3.1 Pro Generation'!$A$2:$A$44, $A8, 'Gemini 3.1 Pro Generation'!$C$2:$C$44) | D8: =SUMIF('Gemini 3.1 Pro Generation'!$A$45:$A$51, $A8, 'Gemini 3.1 Pro Generation'!$C$45:$C$51) | E8: =COUNTIFS('Gemini 3.1 Pro Generation'!$A$2:$A$44, $A8, 'Gemini 3.1 Pro Generation'!$C$2:$C$44,0) | F8: =IFERROR(C8 / (C8 + D8), "Not Available") | G8: =IFERROR(C8 / B8, "Not Available") | H8: =IFERROR(2*((F8*G8)/(F8+G8)),"Not Available") | J8: Gemini 3.1 Pro
A9: Guard | B9: =COUNTIF(Thermonix!$A$2:$A$44, A9) | C9: =SUMIF('Gemini 3.1 Pro Generation'!$A$2:$A$44, $A9, 'Gemini 3.1 Pro Generation'!$C$2:$C$44) | D9: =SUMIF('Gemini 3.1 Pro Generation'!$A$45:$A$51, $A9, 'Gemini 3.1 Pro Generation'!$C$45:$C$51) | E9: =COUNTIFS('Gemini 3.1 Pro Generation'!$A$2:$A$44, $A9, 'Gemini 3.1 Pro Generation'!$C$2:$C$44,0) | F9: =IFERROR(C9 / (C9 + D9), "Not Available") | G9: =IFERROR(C9 / B9, "Not Available") | H9: =IFERROR(2*((F9*G9)/(F9+G9)),"Not Available")
A10: Overall Score | B10: =SUM(B3:B9) | C10: =SUM(C3:C9) | D10: =SUM(D3:D9) | E10: =SUM(E3:E9) | F10: =IFERROR(C10 / (C10 + D10), "Not Available") | G10: =IFERROR(C10 / B10, "Not Available") | H10: =IFERROR(2*((F10*G10)/(F10+G10)),"Not Available")
