Workbook

Sheet Thermonix
A1: Type | B1: Element
A2: State | B2: initial state (⇒ TransportationMode)
A3: State | B3: TransportationMode
A4: Transition | B4: selectorPressed (TransportationMode ⇒ On)
A5: State | B5: PreparingOff
A6: Transition | B6: selectorReleased (PreparingOff ⇒ On)
A7: Transition | B7: after 5sec (PreparingOff ⇒ Off)
A8: State | B8: Off
A9: Transition | B9: selectorPressed (Off ⇒ On)
A10: Composite State | B10: On
A11: History State | B11: History State for On
A12: Transition | B12: selectorHeld (On ⇒ PreparingOff)
... A51: History State | B51: additional elements

Sheet GPT-5 Generation
A1: Type | B1: Element | C1: GPT-5 | D1: Notes
A2: State | B2: initial state (⇒ TransportationMode) | C2: 1 | D2: Initial pseudostate transitions to TransportationMode.
A3: State | B3: TransportationMode | C3: 1 | D3: TransportationMode is explicitly modeled.
A4: Transition | B4: selectorPressed (TransportationMode ⇒ On) | C4: 1 | D4: selectorPressed leaves transportation mode and enters On with deactivation action.
A5: State | B5: PreparingOff | C5: 0.5 | D5: Shutdown holding is represented by several HoldingFrom states rather than one common preparing off state.
A6: Transition | B6: selectorReleased (PreparingOff ⇒ On) | C6: 0.5 | D6: Short hold release returns to prior operating states in several cases but not as one general On history transition.
A7: Transition | B7: after 5sec (PreparingOff ⇒ Off) | C7: 0.5 | D7: After 5 seconds shows ShutdownMessage and only reaches Off after selectorReleased.
A8: State | B8: Off | C8: 1 | D8: Off state is explicitly modeled.
A9: Transition | B9: selectorPressed (Off ⇒ On) | C9: 1 | D9: selectorPressed from Off to On is modeled.
A10: Composite State | B10: On | C10: 1 | D10: On is modeled as a composite state.
A11: History State | B11: History State for On | C11: 0.5 | D11: A history-like H is used only inside RecipeExecution rather than as a general On history.
A12: Transition | B12: selectorHeld (On ⇒ PreparingOff) | C12: 1 | D12: selectorHeld is handled from On substates by transitions to holding states.
A13: Transition | B13: bowlRemoved (On ⇒ On) | C13: 1 | D13: bowlRemoved is modeled to cancel shutdown warning and to return from meal ready to home.
... A51: History State | B51: additional elements | C51: 0 | D51: The extra H usage is intended as a reasonable history-like return mechanism.

Sheet Metrics
A1: Generated by GPT-5 | J1: Date
A2: Type | B2: Ground Truth Count | C2: True Positive | D2: False Positive | E2: False Negative | F2: Precision | G2: Recall | H2: F1 Score | J2: March 16th, 2026
A3: Composite State | B3: =COUNTIF(Thermonix!$A$2:$A$44, A3) -> 1 | C3: =SUMIF('GPT-5 Generation'!$A$2:$A$44, $A3, 'GPT-5 Generation'!$C$2:$C$44) -> 1 | D3: =SUMIF('GPT-5 Generation'!$A$45:$A$51, $A3, 'GPT-5 Generation'!$C$45:$C$51) -> 0 | E3: =COUNTIFS('GPT-5 Generation'!$A$2:$A$44, $A3, 'GPT-5 Generation'!$C$2:$C$44,0) -> 0 | F3: =IFERROR(C3 / (C3 + D3), "Not Available") -> 1 | G3: =IFERROR(C3 / B3, "Not Available") -> 1 | H3: =IFERROR(2*((F3*G3)/(F3+G3)),"Not Available") -> 1
A4: State | B4: =COUNTIF(Thermonix!$A$2:$A$44, A4) -> 11 | C4: =SUMIF('GPT-5 Generation'!$A$2:$A$44, $A4, 'GPT-5 Generation'!$C$2:$C$44) -> 10.5 | D4: =SUMIF('GPT-5 Generation'!$A$45:$A$51, $A4, 'GPT-5 Generation'!$C$45:$C$51) -> 0 | E4: =COUNTIFS('GPT-5 Generation'!$A$2:$A$44, $A4, 'GPT-5 Generation'!$C$2:$C$44,0) -> 0 | F4: =IFERROR(C4 / (C4 + D4), "Not Available") -> 1 | G4: =IFERROR(C4 / B4, "Not Available") -> 0.95454545 | H4: =IFERROR(2*((F4*G4)/(F4+G4)),"Not Available") -> 0.97674419 | J4: Grading LLM
A5: Transition | B5: =COUNTIF(Thermonix!$A$2:$A$44, A5) -> 17 | C5: =SUMIF('GPT-5 Generation'!$A$2:$A$44, $A5, 'GPT-5 Generation'!$C$2:$C$44) -> 14 | D5: =SUMIF('GPT-5 Generation'!$A$45:$A$51, $A5, 'GPT-5 Generation'!$C$45:$C$51) -> 0 | E5: =COUNTIFS('GPT-5 Generation'!$A$2:$A$44, $A5, 'GPT-5 Generation'!$C$2:$C$44,0) -> 2 | F5: =IFERROR(C5 / (C5 + D5), "Not Available") -> 1 | G5: =IFERROR(C5 / B5, "Not Available") -> 0.82352941 | H5: =IFERROR(2*((F5*G5)/(F5+G5)),"Not Available") -> 0.90322581 | J5: GPT-5.5
A6: Action | B6: =COUNTIF(Thermonix!$A$2:$A$44, A6) -> 6 | C6: =SUMIF('GPT-5 Generation'!$A$2:$A$44, $A6, 'GPT-5 Generation'!$C$2:$C$44) -> 4.5 | D6: =SUMIF('GPT-5 Generation'!$A$45:$A$51, $A6, 'GPT-5 Generation'!$C$45:$C$51) -> 0 | E6: =COUNTIFS('GPT-5 Generation'!$A$2:$A$44, $A6, 'GPT-5 Generation'!$C$2:$C$44,0) -> 1 | F6: =IFERROR(C6 / (C6 + D6), "Not Available") -> 1 | G6: =IFERROR(C6 / B6, "Not Available") -> 0.75 | H6: =IFERROR(2*((F6*G6)/(F6+G6)),"Not Available") -> 0.85714286
A7: Region | B7: =COUNTIF(Thermonix!$A$2:$A$44, A7) -> 0 | C7: =SUMIF('GPT-5 Generation'!$A$2:$A$44, $A7, 'GPT-5 Generation'!$C$2:$C$44) -> 0 | D7: =SUMIF('GPT-5 Generation'!$A$45:$A$51, $A7, 'GPT-5 Generation'!$C$45:$C$51) -> 0 | E7: =COUNTIFS('GPT-5 Generation'!$A$2:$A$44, $A7, 'GPT-5 Generation'!$C$2:$C$44,0) -> 0 | F7: =IFERROR(C7 / (C7 + D7), "Not Available") -> Not Available | G7: =IFERROR(C7 / B7, "Not Available") -> Not Available | H7: =IFERROR(2*((F7*G7)/(F7+G7)),"Not Available") -> Not Available | J7: Generation LLMs
A8: History State | B8: =COUNTIF(Thermonix!$A$2:$A$44, A8) -> 1 | C8: =SUMIF('GPT-5 Generation'!$A$2:$A$44, $A8, 'GPT-5 Generation'!$C$2:$C$44) -> 0.5 | D8: =SUMIF('GPT-5 Generation'!$A$45:$A$51, $A8, 'GPT-5 Generation'!$C$45:$C$51) -> 0 | E8: =COUNTIFS('GPT-5 Generation'!$A$2:$A$44, $A8, 'GPT-5 Generation'!$C$2:$C$44,0) -> 0 | F8: =IFERROR(C8 / (C8 + D8), "Not Available") -> 1 | G8: =IFERROR(C8 / B8, "Not Available") -> 0.5 | H8: =IFERROR(2*((F8*G8)/(F8+G8)),"Not Available") -> 0.66666667 | J8: GPT-5.5
A9: Guard | B9: =COUNTIF(Thermonix!$A$2:$A$44, A9) -> 7 | C9: =SUMIF('GPT-5 Generation'!$A$2:$A$44, $A9, 'GPT-5 Generation'!$C$2:$C$44) -> 4 | D9: =SUMIF('GPT-5 Generation'!$A$45:$A$51, $A9, 'GPT-5 Generation'!$C$45:$C$51) -> 0 | E9: =COUNTIFS('GPT-5 Generation'!$A$2:$A$44, $A9, 'GPT-5 Generation'!$C$2:$C$44,0) -> 2 | F9: =IFERROR(C9 / (C9 + D9), "Not Available") -> 1 | G9: =IFERROR(C9 / B9, "Not Available") -> 0.57142857 | H9: =IFERROR(2*((F9*G9)/(F9+G9)),"Not Available") -> 0.72727273
A10: Overall Score | B10: =SUM(B3:B9) -> 43 | C10: =SUM(C3:C9) -> 34.5 | D10: =SUM(D3:D9) -> 0 | E10: =SUM(E3:E9) -> 5 | F10: =IFERROR(C10 / (C10 + D10), "Not Available") -> 1 | G10: =IFERROR(C10 / B10, "Not Available") -> 0.80232558 | H10: =IFERROR(2*((F10*G10)/(F10+G10)),"Not Available") -> 0.89032258
