Workbook

Sheet printer
A1: Type | B1: Element
A2: State | B2: initial state (Off)
A3: State | B3: Off
A4: Transition | B4: on (Off => On)
A5: Composite State | B5: On
A6: Transition | B6: off (On => Off)
A7: State | B7: initial state (Idle)
A8: State | B8: Idle
A9: Transition | B9: login(cardID) (Idle => Idle)
A10: Guard | B10: [!idAuthorized(cardID)]
A11: Transition | B11: login(cardID) (Idle => Ready)
A12: Guard | B12: [idAuthorized(cardID)]
... A45: History State | B45: additional elements

Sheet GPT-5 Generation
A1: Type | B1: Element | C1: GPT-5 Generation | D1: Notes
A2: State | B2: initial state (Off) | C2: 1 | D2: Correctly represented by initial transition to Off
A3: State | B3: Off | C3: 1 | D3: Correctly represented as Off
A4: Transition | B4: on (Off => On) | C4: 1 | D4: Correctly represented by masterOn transition
A5: Composite State | B5: On | C5: 1 | D5: Correctly represented as composite state On
A6: Transition | B6: off (On => Off) | C6: 1 | D6: Correctly represented by masterOff transition
A7: State | B7: initial state (Idle) | C7: 1 | D7: Correctly represented by initial transition to LoggedOut
A8: State | B8: Idle | C8: 1 | D8: Correctly represented as LoggedOut
A9: Transition | B9: login(cardID) (Idle => Idle) | C9: 1 | D9: Correctly represented by tapCard transition to LoggedOut
A10: Guard | B10: [!idAuthorized(cardID)] | C10: 1 | D10: Correctly represented by [!authorized(cardId)]
A11: Transition | B11: login(cardID) (Idle => Ready) | C11: 1 | D11: Correctly represented by tapCard transition to UserSession
A12: Guard | B12: [idAuthorized(cardID)] | C12: 1 | D12: Correctly represented by [authorized(cardId)]
A13: Action | B13: action="none" | C13: 1 | D13: Correctly modeled by defaulting to AwaitingOption state
... A45: History State | B45: additional elements | C45: 0 | D45: No fundamentally incorrect additional history states

Sheet Metrics
A1: Generated by GPT-5 | J1: Date
A2: Type | B2: Ground Truth Count | C2: True Positive | D2: False Positive | E2: False Negative | F2: Precision | G2: Recall | H2: F1 Score | J2: March 16th, 2026
A3: Composite State | B3: =COUNTIF(printer!$A$2:$A$38, A3) -> 2 | C3: =SUMIF('GPT-5 Generation'!$A$2:$A$38, $A3, 'GPT-5 Generation'!$C$2:$C$38) -> 2 | D3: =SUMIF('GPT-5 Generation'!$A$39:$A$45, $A3, 'GPT-5 Generation'!$C$39:$C$45) -> 0 | E3: =COUNTIFS('GPT-5 Generation'!$A$2:$A$38, $A3, 'GPT-5 Generation'!$C$2:$C$38,0) -> 0 | F3: =IFERROR(C3 / (C3 + D3), "Not Available") -> 1 | G3: =IFERROR(C3 / B3, "Not Available") -> 1 | H3: =IFERROR(2*((F3*G3)/(F3+G3)),"Not Available") -> 1
A4: State | B4: =COUNTIF(printer!$A$2:$A$38, A4) -> 8 | C4: =SUMIF('GPT-5 Generation'!$A$2:$A$38, $A4, 'GPT-5 Generation'!$C$2:$C$38) -> 8 | D4: =SUMIF('GPT-5 Generation'!$A$39:$A$45, $A4, 'GPT-5 Generation'!$C$39:$C$45) -> 0 | E4: =COUNTIFS('GPT-5 Generation'!$A$2:$A$38, $A4, 'GPT-5 Generation'!$C$2:$C$38,0) -> 0 | F4: =IFERROR(C4 / (C4 + D4), "Not Available") -> 1 | G4: =IFERROR(C4 / B4, "Not Available") -> 1 | H4: =IFERROR(2*((F4*G4)/(F4+G4)),"Not Available") -> 1 | J4: Grading LLM
A5: Transition | B5: =COUNTIF(printer!$A$2:$A$38, A5) -> 17 | C5: =SUMIF('GPT-5 Generation'!$A$2:$A$38, $A5, 'GPT-5 Generation'!$C$2:$C$38) -> 17 | D5: =SUMIF('GPT-5 Generation'!$A$39:$A$45, $A5, 'GPT-5 Generation'!$C$39:$C$45) -> 0 | E5: =COUNTIFS('GPT-5 Generation'!$A$2:$A$38, $A5, 'GPT-5 Generation'!$C$2:$C$38,0) -> 0 | F5: =IFERROR(C5 / (C5 + D5), "Not Available") -> 1 | G5: =IFERROR(C5 / B5, "Not Available") -> 1 | H5: =IFERROR(2*((F5*G5)/(F5+G5)),"Not Available") -> 1 | J5: Gemini 3.1 Pro Preview
A6: Action | B6: =COUNTIF(printer!$A$2:$A$38, A6) -> 3 | C6: =SUMIF('GPT-5 Generation'!$A$2:$A$38, $A6, 'GPT-5 Generation'!$C$2:$C$38) -> 3 | D6: =SUMIF('GPT-5 Generation'!$A$39:$A$45, $A6, 'GPT-5 Generation'!$C$39:$C$45) -> 0 | E6: =COUNTIFS('GPT-5 Generation'!$A$2:$A$38, $A6, 'GPT-5 Generation'!$C$2:$C$38,0) -> 0 | F6: =IFERROR(C6 / (C6 + D6), "Not Available") -> 1 | G6: =IFERROR(C6 / B6, "Not Available") -> 1 | H6: =IFERROR(2*((F6*G6)/(F6+G6)),"Not Available") -> 1
A7: Region | B7: =COUNTIF(printer!$A$2:$A$38, A7) -> 0 | C7: =SUMIF('GPT-5 Generation'!$A$2:$A$38, $A7, 'GPT-5 Generation'!$C$2:$C$38) -> 0 | D7: =SUMIF('GPT-5 Generation'!$A$39:$A$45, $A7, 'GPT-5 Generation'!$C$39:$C$45) -> 0 | E7: =COUNTIFS('GPT-5 Generation'!$A$2:$A$38, $A7, 'GPT-5 Generation'!$C$2:$C$38,0) -> 0 | F7: =IFERROR(C7 / (C7 + D7), "Not Available") -> Not Available | G7: =IFERROR(C7 / B7, "Not Available") -> Not Available | H7: =IFERROR(2*((F7*G7)/(F7+G7)),"Not Available") -> Not Available | J7: Generation LLMs
A8: History State | B8: =COUNTIF(printer!$A$2:$A$38, A8) -> 1 | C8: =SUMIF('GPT-5 Generation'!$A$2:$A$38, $A8, 'GPT-5 Generation'!$C$2:$C$38) -> 1 | D8: =SUMIF('GPT-5 Generation'!$A$39:$A$45, $A8, 'GPT-5 Generation'!$C$39:$C$45) -> 0 | E8: =COUNTIFS('GPT-5 Generation'!$A$2:$A$38, $A8, 'GPT-5 Generation'!$C$2:$C$38,0) -> 0 | F8: =IFERROR(C8 / (C8 + D8), "Not Available") -> 1 | G8: =IFERROR(C8 / B8, "Not Available") -> 1 | H8: =IFERROR(2*((F8*G8)/(F8+G8)),"Not Available") -> 1 | J8: GPT-5.5
A9: Guard | B9: =COUNTIF(printer!$A$2:$A$38, A9) -> 6 | C9: =SUMIF('GPT-5 Generation'!$A$2:$A$38, $A9, 'GPT-5 Generation'!$C$2:$C$38) -> 6 | D9: =SUMIF('GPT-5 Generation'!$A$39:$A$45, $A9, 'GPT-5 Generation'!$C$39:$C$45) -> 0 | E9: =COUNTIFS('GPT-5 Generation'!$A$2:$A$38, $A9, 'GPT-5 Generation'!$C$2:$C$38,0) -> 0 | F9: =IFERROR(C9 / (C9 + D9), "Not Available") -> 1 | G9: =IFERROR(C9 / B9, "Not Available") -> 1 | H9: =IFERROR(2*((F9*G9)/(F9+G9)),"Not Available") -> 1
A10: Overall Score | B10: =SUM(B3:B9) -> 37 | C10: =SUM(C3:C9) -> 37 | D10: =SUM(D3:D9) -> 0 | E10: =SUM(E3:E9) -> 0 | F10: =IFERROR(C10 / (C10 + D10), "Not Available") -> 1 | G10: =IFERROR(C10 / B10, "Not Available") -> 1 | H10: =IFERROR(2*((F10*G10)/(F10+G10)),"Not Available") -> 1
